City_ID,City,Country,Date,Lat,Lng,Max Temp,Humidity,Cloudiness,Wind Speed
0,Evensk,RU,2021-01-26 18:55:17,61.95,159.2333,2.28,87,100,10.8
1,Chokurdakh,RU,2021-01-26 18:55:17,70.6333,147.9167,-30.86,80,100,5.59
2,Avarua,CK,2021-01-26 18:55:17,-21.2078,-159.775,82.4,74,86,16.11
3,Rikitea,PF,2021-01-26 18:54:09,-23.1203,-134.9692,79.84,71,79,13.22
4,Leshukonskoye,RU,2021-01-26 18:55:17,64.8989,45.7622,33.35,98,100,4.21
5,Bredasdorp,ZA,2021-01-26 18:55:17,-34.5322,20.0403,68.0,68,0,6.91
6,Hobart,AU,2021-01-26 18:54:09,-42.8794,147.3294,51.8,62,40,9.22
7,Punta Arenas,CL,2021-01-26 18:53:06,-53.15,-70.9167,50.0,53,20,27.63
8,Dauphin,CA,2021-01-26 18:55:18,51.1494,-100.0502,-14.8,70,1,3.44
9,Avera,US,2021-01-26 18:55:18,33.194,-82.5271,71.01,90,75,6.91
10,Merke,KZ,2021-01-26 18:54:12,42.8728,73.1786,20.7,78,0,3.27
11,Tulum,MX,2021-01-26 18:55:18,20.2167,-87.4667,84.0,74,40,12.66
12,Ushuaia,AR,2021-01-26 18:55:19,-54.8,-68.3,44.6,65,90,34.52
13,Bundaberg,AU,2021-01-26 18:55:19,-24.85,152.35,71.01,88,33,8.05
14,Shakhtinsk,KZ,2021-01-26 18:55:19,49.71,72.5872,19.4,86,90,13.42
15,Bengkulu,ID,2021-01-26 18:50:24,-3.8004,102.2655,73.85,91,100,2.62
16,Namatanai,PG,2021-01-26 18:51:36,-3.6667,152.4333,79.95,80,100,6.13
17,Benghazi,LY,2021-01-26 18:55:19,32.1167,20.0667,64.06,70,100,23.87
18,Hami,CN,2021-01-26 18:55:20,42.8,93.45,20.25,80,17,8.23
19,Pevek,RU,2021-01-26 18:55:20,69.7008,170.3133,-30.64,84,15,2.59
20,Rawson,AR,2021-01-26 18:50:45,-43.3002,-65.1023,73.02,23,91,15.55
21,Vila Velha,BR,2021-01-26 18:50:47,-20.3297,-40.2925,88.0,58,20,18.41
22,Qaanaaq,GL,2021-01-26 18:55:20,77.484,-69.3632,-10.05,63,0,7.94
23,Hope,US,2021-01-26 18:55:20,33.6671,-93.5916,66.0,45,0,4.0
24,Lavrentiya,RU,2021-01-26 18:55:20,65.5833,-171.0,-2.65,88,89,5.95
25,Mayo,US,2021-01-26 18:55:21,38.8876,-76.5119,36.0,93,90,4.61
26,Pisco,PE,2021-01-26 18:55:21,-13.7,-76.2167,78.8,57,0,20.71
27,Souillac,MU,2021-01-26 18:55:21,-20.5167,57.5167,77.0,78,20,6.91
28,Poum,NC,2021-01-26 18:54:27,-20.2333,164.0167,79.79,76,100,14.29
29,Carnarvon,AU,2021-01-26 18:55:21,-24.8667,113.6333,71.6,68,0,23.02
30,Dikson,RU,2021-01-26 18:54:42,73.5069,80.5464,-24.14,85,100,8.05
31,Tuktoyaktuk,CA,2021-01-26 18:53:32,69.4541,-133.0374,-13.0,84,75,14.97
32,Puerto Baquerizo Moreno,EC,2021-01-26 18:55:22,-0.9,-89.6,82.4,83,75,13.8
33,Arraial Do Cabo,BR,2021-01-26 18:55:22,-22.9661,-42.0278,89.6,58,0,8.05
34,Labuhan,ID,2021-01-26 18:55:22,-6.8844,112.2051,77.9,85,66,11.03
35,Hilo,US,2021-01-26 18:55:22,19.7297,-155.09,75.2,78,90,3.44
36,Cherskiy,RU,2021-01-26 18:55:22,68.75,161.3,-36.26,81,96,4.25
37,Nikolskoye,RU,2021-01-26 18:55:22,59.7035,30.7861,35.6,87,90,11.18
38,Saint-Philippe,RE,2021-01-26 18:55:23,-21.3585,55.7679,78.8,73,0,6.91
39,Busselton,AU,2021-01-26 18:55:23,-33.65,115.3333,54.0,91,77,7.9
40,Garissa,KE,2021-01-26 18:54:11,-0.4536,39.6401,86.13,32,0,5.23
41,Bluff,NZ,2021-01-26 18:54:49,-46.6,168.3333,69.01,53,100,14.0
42,Puerto Ayora,EC,2021-01-26 18:55:23,-0.7393,-90.3518,84.2,70,40,14.97
43,Aksu,CN,2021-01-26 18:55:24,41.1231,80.2644,18.05,86,0,0.07
44,Kavaratti,IN,2021-01-26 18:55:24,10.5669,72.642,81.07,69,0,9.4
45,Luderitz,NA,2021-01-26 18:54:14,-26.6481,15.1594,68.88,65,75,26.8
46,Mataura,NZ,2021-01-26 18:55:24,-46.1927,168.8643,69.01,53,100,14.0
47,Saint George,US,2021-01-26 18:55:24,37.1041,-113.5841,35.6,55,1,4.61
48,Te Anau,NZ,2021-01-26 18:55:24,-45.4167,167.7167,61.18,81,100,6.89
49,Coxim,BR,2021-01-26 18:55:25,-18.5067,-54.76,93.16,44,73,7.25
50,Camabatela,AO,2021-01-26 18:55:25,-8.1881,15.375,64.96,97,100,2.64
51,Sherman,US,2021-01-26 18:55:25,33.6357,-96.6089,48.0,57,1,10.36
52,Hobyo,SO,2021-01-26 18:55:25,5.3505,48.5268,76.75,79,75,18.79
53,Rudbar,AF,2021-01-26 18:55:25,30.15,62.6,47.26,38,0,4.56
54,Byron Bay,AU,2021-01-26 18:53:38,-28.65,153.6167,68.0,94,40,6.96
55,Atuona,PF,2021-01-26 18:55:25,-9.8,-139.0333,78.1,78,8,17.38
56,Butaritari,KI,2021-01-26 18:54:36,3.0707,172.7902,80.19,76,97,5.12
57,Albany,US,2021-01-26 18:53:07,42.6001,-73.9662,26.01,71,100,6.58
58,Ostrovnoy,RU,2021-01-26 18:55:26,68.0531,39.5131,7.97,94,100,18.99
59,San Carlos De Bariloche,AR,2021-01-26 18:53:06,-41.1456,-71.3082,62.6,34,40,23.02
60,Clyde River,CA,2021-01-26 18:55:15,70.4692,-68.5914,5.0,72,40,13.8
61,Airai,TL,2021-01-26 18:55:26,-8.9266,125.4092,59.7,100,100,3.06
62,Naze,JP,2021-01-26 18:55:26,28.3667,129.4833,59.94,81,54,9.8
63,Sao Sebastiao,BR,2021-01-26 18:55:27,-23.76,-45.4097,84.61,65,100,4.92
64,Tual,ID,2021-01-26 18:55:27,-5.6667,132.75,81.95,81,100,24.56
65,Lorengau,PG,2021-01-26 18:55:27,-2.0226,147.2712,82.18,76,100,10.8
66,Sarana,RU,2021-01-26 18:55:27,56.4773,57.7259,21.99,96,100,7.45
67,Yulara,AU,2021-01-26 18:55:27,-25.2406,130.9889,75.2,88,75,10.36
68,Belle Fourche,US,2021-01-26 18:51:49,44.6714,-103.8522,23.0,93,90,4.61
69,Port Alfred,ZA,2021-01-26 18:54:10,-33.5906,26.891,69.01,93,80,4.0
70,Traverse City,US,2021-01-26 18:51:40,44.7631,-85.6206,26.6,68,90,13.8
71,Kilis,TR,2021-01-26 18:55:28,36.7161,37.115,41.0,70,0,2.3
72,Vestmannaeyjar,IS,2021-01-26 18:55:28,63.4427,-20.2734,30.2,64,40,29.93
73,Provideniya,RU,2021-01-26 18:55:28,64.3833,-173.3,0.32,89,57,7.25
74,Olafsvik,IS,2021-01-26 18:55:28,64.8945,-23.7142,26.33,87,100,22.21
75,Lebu,CL,2021-01-26 18:55:29,-37.6167,-73.65,60.76,59,0,19.53
76,Esperance,AU,2021-01-26 18:55:29,-33.8667,121.9,62.6,88,40,13.8
77,Novikovo,RU,2021-01-26 18:55:29,51.1537,37.8879,34.86,92,100,12.3
78,Kununurra,AU,2021-01-26 18:53:56,-15.7667,128.7333,75.2,89,100,4.61
79,New Norfolk,AU,2021-01-26 18:55:29,-42.7826,147.0587,51.8,62,40,9.22
80,Eureka,US,2021-01-26 18:55:29,40.8021,-124.1637,43.0,70,100,8.99
81,Raga,SS,2021-01-26 18:55:30,8.4596,25.678,75.4,22,0,3.56
82,Parrita,CR,2021-01-26 18:55:30,9.5201,-84.3225,82.4,50,20,18.41
83,Bambous Virieux,MU,2021-01-26 18:55:30,-20.3428,57.7575,77.0,78,20,6.91
84,Hithadhoo,MV,2021-01-26 18:55:30,-0.6,73.0833,79.3,84,94,13.69
85,Luau,AO,2021-01-26 18:50:52,-10.7073,22.2247,66.56,94,100,2.24
86,Katsuura,JP,2021-01-26 18:51:05,35.1333,140.3,48.2,81,75,5.75
87,Port Elizabeth,ZA,2021-01-26 18:55:31,-33.918,25.5701,68.0,94,75,12.66
88,Sabang,ID,2021-01-26 18:55:31,5.8933,95.3214,81.25,75,73,6.87
89,Bowling Green,US,2021-01-26 18:55:31,36.9903,-86.4436,55.4,71,75,11.5
90,Puerto Cabezas,NI,2021-01-26 18:55:31,14.0351,-83.3888,86.0,84,40,9.22
91,Lososina,RU,2021-01-26 18:55:32,48.9975,140.3106,15.4,96,100,4.99
92,Half Moon Bay,US,2021-01-26 18:55:32,37.4636,-122.4286,51.01,71,40,8.05
93,Saskylakh,RU,2021-01-26 18:55:32,71.9167,114.0833,-33.65,83,6,2.55
94,Messina,IT,2021-01-26 18:52:59,38.1933,15.5497,53.6,47,75,19.57
95,Castro,BR,2021-01-26 18:55:32,-24.7911,-50.0119,75.11,78,100,7.94
96,Vardo,NO,2021-01-26 18:55:32,70.3705,31.1107,26.6,80,75,32.21
97,Galesong,ID,2021-01-26 18:55:32,-5.3166,119.3661,75.2,100,40,2.3
98,Tiksi,RU,2021-01-26 18:55:33,71.6872,128.8694,-36.49,84,94,1.95
99,Znamenskoye,RU,2021-01-26 18:55:33,57.1281,73.8282,20.93,98,100,6.24
100,Muros,ES,2021-01-26 18:55:33,42.7762,-9.0603,59.0,96,100,1.99
101,Svetlogorsk,BY,2021-01-26 18:55:33,52.6333,29.7333,31.6,98,100,25.14
102,Tasiilaq,GL,2021-01-26 18:55:33,65.6145,-37.6368,6.8,61,75,14.97
103,Agadir,MA,2021-01-26 18:54:47,30.4202,-9.5982,59.0,94,0,6.91
104,Czarnkow,PL,2021-01-26 18:55:34,52.9021,16.5641,35.01,100,75,9.22
105,Svetlaya,RU,2021-01-26 18:55:34,46.5389,138.3297,26.42,97,100,8.75
106,Namibe,AO,2021-01-26 18:55:34,-15.1961,12.1522,77.49,73,0,7.65
107,Hailar,CN,2021-01-26 18:55:34,49.2,119.7,-12.1,89,19,10.87
108,Maldonado,UY,2021-01-26 18:53:19,-34.6667,-54.9167,88.0,62,75,9.22
109,Muisne,EC,2021-01-26 18:55:34,0.6,-80.0333,77.0,100,75,4.61
110,Gauribidanur,IN,2021-01-26 18:55:35,13.6111,77.5167,62.6,72,20,5.75
111,Obihiro,JP,2021-01-26 18:55:35,42.9172,143.2044,19.69,97,100,3.31
112,Kiama,AU,2021-01-26 18:55:35,-34.6833,150.8667,71.01,94,100,3.0
113,Port Macquarie,AU,2021-01-26 18:55:35,-31.4333,152.9167,68.0,99,3,5.95
114,La Ronge,CA,2021-01-26 18:51:14,55.1001,-105.2842,-29.2,68,51,3.44
115,Energetik,RU,2021-01-26 18:55:35,51.7445,58.7934,29.01,98,100,8.28
116,Cape Town,ZA,2021-01-26 18:55:36,-33.9258,18.4232,69.01,73,0,21.85
117,Ranong,TH,2021-01-26 18:55:36,9.9658,98.6348,75.61,87,84,4.76
118,Tekkali,IN,2021-01-26 18:55:36,18.6167,84.2333,69.21,85,0,3.2
119,Vega De Alatorre,MX,2021-01-26 18:55:36,20.0333,-96.6333,81.52,59,0,4.85
120,Havre,FR,2021-01-26 18:55:36,49.5833,0.3333,39.2,65,90,14.97
121,Camacha,PT,2021-01-26 18:55:36,33.0833,-16.3333,64.4,72,75,5.75
122,Vaini,TO,2021-01-26 18:55:36,-21.2,-175.2,77.0,94,75,5.75
123,San Policarpo,PH,2021-01-26 18:55:37,12.1791,125.5072,78.46,85,100,10.47
124,Srednekolymsk,RU,2021-01-26 18:55:37,67.45,153.6833,-31.79,83,100,9.53
125,Saa,CM,2021-01-26 18:55:37,4.3667,11.45,79.72,59,0,8.41
126,Dhidhdhoo,MV,2021-01-26 18:55:37,6.8833,73.1,81.36,61,100,10.04
127,Havoysund,NO,2021-01-26 18:55:37,70.9963,24.6622,26.6,74,75,28.77
128,Kahului,US,2021-01-26 18:55:38,20.8947,-156.47,73.4,73,40,17.27
129,Beloha,MG,2021-01-26 18:55:38,-25.1667,45.05,75.33,79,98,10.49
130,Shenjiamen,CN,2021-01-26 18:55:38,29.9576,122.298,47.35,90,100,15.14
131,Rio Gallegos,AR,2021-01-26 18:55:38,-51.6226,-69.2181,57.2,28,40,35.68
132,Cockburn Town,TC,2021-01-26 18:55:38,21.4612,-71.1419,80.6,61,40,13.8
133,Kommunisticheskiy,RU,2021-01-26 18:55:38,61.6789,64.4819,31.51,98,100,10.2
134,Nhulunbuy,AU,2021-01-26 18:51:24,-12.2333,136.7667,80.6,89,100,9.22
135,Cidreira,BR,2021-01-26 18:54:16,-30.1811,-50.2056,82.11,68,44,12.01
136,Milkovo,RU,2021-01-26 18:55:39,54.7167,158.6167,10.72,95,100,1.79
137,Mopti,ML,2021-01-26 18:55:39,14.6667,-4.0,91.4,6,0,11.5
138,Sakaiminato,JP,2021-01-26 18:55:39,35.55,133.2333,48.2,100,75,5.75
139,Ust-Koksa,RU,2021-01-26 18:55:40,50.2696,85.6108,1.54,87,100,0.72
140,Inverness,GB,2021-01-26 18:55:40,57.4791,-4.224,34.0,100,75,3.44
141,Matagami,CA,2021-01-26 18:55:40,49.7502,-77.6328,10.4,79,1,5.75
142,Ribeira Grande,PT,2021-01-26 18:55:40,38.5167,-28.7,62.6,94,75,19.57
143,Sao Filipe,CV,2021-01-26 18:55:40,14.8961,-24.4956,76.62,60,0,7.72
144,Kodiak,US,2021-01-26 18:55:40,57.79,-152.4072,33.8,69,1,8.05
145,Jamestown,US,2021-01-26 18:55:41,42.097,-79.2353,36.0,93,90,11.86
146,Saint-Pierre,RE,2021-01-26 18:55:41,-21.3393,55.4781,78.8,73,0,6.91
147,Isla Mujeres,MX,2021-01-26 18:55:41,21.2311,-86.731,84.2,70,40,19.57
148,Kalengwa,ZM,2021-01-26 18:55:41,-13.4659,25.0027,63.66,97,100,4.63
149,Petropavlovsk-Kamchatskiy,RU,2021-01-26 18:55:41,53.0452,158.6483,19.4,58,100,20.13
150,Alofi,NU,2021-01-26 18:55:41,-19.0595,-169.9187,73.4,100,100,11.5
151,Kenitra,MA,2021-01-26 18:51:15,34.261,-6.5802,60.8,88,20,6.91
152,Piste,MX,2021-01-26 18:55:42,20.7,-88.5833,90.14,46,0,8.97
153,Karratha,AU,2021-01-26 18:55:42,-20.7377,116.8463,86.4,25,5,11.54
154,Oban,GB,2021-01-26 18:55:42,56.4127,-5.4706,37.0,95,100,4.7
155,Esna,EG,2021-01-26 18:55:42,25.2934,32.554,62.6,36,0,2.3
156,Trairi,BR,2021-01-26 18:55:42,-3.2778,-39.2689,83.01,70,100,12.17
157,Loandjili,CG,2021-01-26 18:55:42,-4.7561,11.8578,80.6,78,20,4.61
158,Suihua,CN,2021-01-26 18:53:15,46.6406,126.9969,-8.55,84,35,3.71
159,Kruisfontein,ZA,2021-01-26 18:55:43,-34.0033,24.7314,72.0,81,64,5.01
160,Kapaa,US,2021-01-26 18:52:09,22.0752,-159.319,75.0,88,90,23.02
161,Hopkinsville,US,2021-01-26 18:55:43,36.8656,-87.4886,51.8,100,90,8.05
162,Khilok,RU,2021-01-26 18:55:43,51.3674,110.4676,-16.24,85,93,6.44
163,Pingshan,CN,2021-01-26 18:55:43,22.9938,114.7131,58.64,82,0,2.51
164,Bilibino,RU,2021-01-26 18:55:43,68.0546,166.4372,-18.72,82,100,4.72
165,Chumikan,RU,2021-01-26 18:55:43,54.7183,135.315,-9.29,90,100,9.17
166,Tananger,NO,2021-01-26 18:55:44,58.9333,5.6,32.0,93,75,5.08
167,Horodok,UA,2021-01-26 18:55:44,49.1637,26.5839,32.0,77,8,8.99
168,Kavieng,PG,2021-01-26 18:55:44,-2.5744,150.7967,82.76,75,100,9.46
169,Alta Floresta,BR,2021-01-26 18:55:44,-9.8756,-56.0861,87.58,62,100,1.97
170,Shahpur,IN,2021-01-26 18:55:44,16.7,76.8333,72.75,35,0,12.39
171,Ilulissat,GL,2021-01-26 18:55:44,69.2167,-51.1,12.2,62,75,18.41
172,Torbay,CA,2021-01-26 18:55:45,47.6666,-52.7314,34.0,100,90,21.85
173,Severo-Kurilsk,RU,2021-01-26 18:55:45,50.6789,156.125,23.4,95,81,20.58
174,Forbes,AU,2021-01-26 18:55:45,-33.3833,148.0167,73.99,81,0,4.83
175,Bethel,US,2021-01-26 18:55:45,41.3712,-73.414,28.0,80,90,5.75
176,Zhanaozen,KZ,2021-01-26 18:55:45,43.3,52.8,30.22,80,0,18.14
177,Faanui,PF,2021-01-26 18:55:45,-16.4833,-151.75,80.58,76,35,15.9
178,Meulaboh,ID,2021-01-26 18:55:45,4.1363,96.1285,76.26,88,93,4.14
179,Kyra,RU,2021-01-26 18:55:46,49.5776,111.9753,-14.8,80,0,4.76
180,Mahebourg,MU,2021-01-26 18:55:46,-20.4081,57.7,77.0,78,20,6.91
181,Capitao Poco,BR,2021-01-26 18:55:46,-1.7464,-47.0594,83.88,80,100,6.51
182,Jadu,LY,2021-01-26 18:55:46,31.953,12.0261,48.78,57,54,17.6
183,Dedovichi,RU,2021-01-26 18:55:46,57.5517,29.9502,33.55,97,100,8.72
184,Thompson,CA,2021-01-26 18:55:45,55.7435,-97.8558,-5.8,71,75,5.75
185,Aksay,RU,2021-01-26 18:55:47,47.26,39.87,35.01,93,0,17.9
186,Chuy,UY,2021-01-26 18:55:47,-33.6971,-53.4616,87.15,49,14,8.55
187,Ballina,AU,2021-01-26 18:52:14,-28.8667,153.5667,68.0,94,40,6.89
188,Maceio,BR,2021-01-26 18:55:47,-9.6658,-35.7353,80.6,74,75,10.36
189,Camden,US,2021-01-26 18:51:10,39.7835,-74.9663,39.0,83,100,1.01
190,Adana,TR,2021-01-26 18:55:48,36.985,35.2881,51.8,62,75,6.58
191,Codrington,AU,2021-01-26 18:55:48,-38.2667,141.9667,52.68,75,43,11.79
192,Nargana,PA,2021-01-26 18:55:48,9.4428,-78.5906,81.5,74,51,11.45
193,Tortoli,IT,2021-01-26 18:55:48,39.9256,9.6572,45.43,65,0,5.68
194,Vinstra,NO,2021-01-26 18:55:48,61.5952,9.7523,14.97,84,77,4.23
195,Ayan,RU,2021-01-26 18:51:01,56.45,138.1667,-9.92,85,100,7.83
196,Kalmunai,LK,2021-01-26 18:55:48,7.4167,81.8167,74.05,78,11,8.7
197,Bam,IR,2021-01-26 18:55:49,29.106,58.357,44.13,40,0,1.57
198,Bonavista,CA,2021-01-26 18:55:49,48.6499,-53.1147,34.0,100,100,6.91
199,Iqaluit,CA,2021-01-26 18:55:49,63.7506,-68.5145,-4.0,77,20,16.11
200,Nyurba,RU,2021-01-26 18:55:49,63.2842,118.3319,-51.32,76,54,1.32
201,Mogocha,RU,2021-01-26 18:55:49,53.7333,119.7667,-16.35,80,100,10.45
202,Georgetown,MY,2021-01-26 18:53:49,5.4112,100.3354,80.01,94,20,3.44
203,Aklavik,CA,2021-01-26 18:55:13,68.2191,-135.0107,-7.6,77,86,9.22
204,Touros,BR,2021-01-26 18:53:10,-5.1989,-35.4608,86.0,54,20,18.41
205,Amapa,BR,2021-01-26 18:55:50,1.0,-52.0,81.0,76,100,5.28
206,Korla,CN,2021-01-26 18:55:50,41.7597,86.1469,20.53,82,0,1.66
207,Los Llanos De Aridane,ES,2021-01-26 18:55:50,28.6585,-17.9182,66.2,72,75,11.5
208,Hamilton,US,2021-01-26 18:55:51,39.1834,-84.5333,45.0,81,90,11.5
209,Haines Junction,CA,2021-01-26 18:55:51,60.7522,-137.5108,-11.2,84,58,3.44
210,Huron,US,2021-01-26 18:55:51,41.1501,-82.5499,35.01,93,100,1.99
211,Cabo San Lucas,MX,2021-01-26 18:54:34,22.8909,-109.9124,68.0,55,40,2.3
212,Mount Isa,AU,2021-01-26 18:55:51,-20.7333,139.5,77.0,83,97,10.45
213,Loutra,GR,2021-01-26 18:55:52,39.0569,26.545,62.6,72,40,23.02
214,Salinopolis,BR,2021-01-26 18:55:52,-0.6136,-47.3561,83.32,72,100,10.2
215,Sur,OM,2021-01-26 18:55:52,22.5667,59.5289,65.48,65,0,1.83
216,Sumy,UA,2021-01-26 18:55:52,50.9216,34.8003,33.06,95,100,10.96
217,Watsa,CD,2021-01-26 18:55:52,3.0372,29.5355,71.89,59,82,1.81
218,Albion,US,2021-01-26 18:54:23,42.2431,-84.753,30.2,93,90,5.75
219,Saldanha,ZA,2021-01-26 18:55:53,-33.0117,17.9442,68.0,73,49,12.66
220,Pangkalanbuun,ID,2021-01-26 18:55:53,-2.6833,111.6167,74.91,94,100,2.26
221,Berlevag,NO,2021-01-26 18:55:54,70.8578,29.0864,26.6,74,75,31.07
222,Iturama,BR,2021-01-26 18:55:54,-19.7281,-50.1956,87.06,50,99,6.42
223,Saint Anthony,US,2021-01-26 18:55:54,45.0205,-93.218,19.0,67,40,6.91
224,La Carolina,ES,2021-01-26 18:51:57,38.2756,-3.6153,60.01,92,100,3.11
225,Hermanus,ZA,2021-01-26 18:55:54,-34.4187,19.2345,68.0,75,2,5.1
226,Bathsheba,BB,2021-01-26 18:55:54,13.2167,-59.5167,84.2,61,40,25.32
227,Dakoro,NE,2021-01-26 18:55:54,14.5106,6.765,74.3,16,0,7.99
228,Kamyshla,RU,2021-01-26 18:55:55,54.1169,52.1426,21.87,97,100,12.8
229,Barrow,US,2021-01-26 18:54:02,71.2906,-156.7887,-9.4,77,90,6.91
230,Dickinson,US,2021-01-26 18:55:55,29.4608,-95.0513,75.2,35,90,10.36
231,San Ignacio,BZ,2021-01-26 18:55:55,17.1561,-89.0714,87.8,62,0,6.91
232,Port Hueneme,US,2021-01-26 18:55:55,34.1478,-119.1951,54.0,40,1,5.75
233,Shimoda,JP,2021-01-26 18:55:56,34.6667,138.95,48.99,94,100,19.93
234,Walvis Bay,NA,2021-01-26 18:55:56,-22.9575,14.5053,71.6,68,37,4.61
235,Pangnirtung,CA,2021-01-26 18:55:56,66.1451,-65.7125,-4.0,84,1,2.37
236,Iralaya,HN,2021-01-26 18:55:56,15.0,-83.2333,89.6,12,75,6.91
237,Saint-Joseph,RE,2021-01-26 18:51:19,-21.3667,55.6167,78.8,73,0,6.91
238,Bitung,ID,2021-01-26 18:55:56,1.4451,125.1824,73.4,100,40,2.3
239,Viedma,AR,2021-01-26 18:55:56,-40.8135,-62.9967,73.99,55,0,18.14
240,Mar Del Plata,AR,2021-01-26 18:55:57,-38.0023,-57.5575,75.2,83,0,10.36
241,Ancud,CL,2021-01-26 18:55:57,-41.8697,-73.8203,60.8,51,75,11.5
242,Oriximina,BR,2021-01-26 18:54:30,-1.7656,-55.8661,86.92,61,74,2.21
243,Qaqortoq,GL,2021-01-26 18:55:57,60.7167,-46.0333,23.0,25,20,23.02
244,Comodoro Rivadavia,AR,2021-01-26 18:52:44,-45.8667,-67.5,66.2,32,40,23.02
245,Sompeta,IN,2021-01-26 18:55:57,18.9333,84.6,70.93,80,0,2.95
246,Kodinar,IN,2021-01-26 18:55:58,20.7903,70.7031,63.68,29,0,12.06
247,Longyearbyen,SJ,2021-01-26 18:55:58,78.2186,15.6401,5.0,36,0,13.8
248,Geneva,US,2021-01-26 18:55:58,41.8875,-88.3054,32.0,86,90,18.41
249,Whitianga,NZ,2021-01-26 18:55:58,-36.8333,175.7,63.0,97,5,5.01
250,Benguela,AO,2021-01-26 18:55:58,-12.5763,13.4055,77.94,75,29,7.09
251,Kenai,US,2021-01-26 18:55:58,60.5544,-151.2583,10.0,78,1,3.44
252,Havre-Saint-Pierre,CA,2021-01-26 18:55:58,50.2334,-63.5986,33.8,60,90,12.66
253,Abu Samrah,SY,2021-01-26 18:55:59,35.3029,37.1841,46.67,55,100,6.98
254,Ribeira Brava,PT,2021-01-26 18:55:59,32.65,-17.0667,61.0,90,43,6.78
255,Santa Maria,BR,2021-01-26 18:52:21,-29.6842,-53.8069,80.6,83,75,3.44
256,Isangel,VU,2021-01-26 18:55:59,-19.55,169.2667,77.0,94,75,3.44
257,Tenkodogo,BF,2021-01-26 18:55:59,11.78,-0.3697,81.77,15,88,7.63
258,Puerto Escondido,MX,2021-01-26 18:55:59,15.85,-97.0667,87.8,66,1,10.36
259,Saint-Georges,GD,2021-01-26 18:53:50,12.0564,-61.7485,84.2,61,40,23.02
260,Nalut,LY,2021-01-26 18:56:00,30.3333,10.85,56.7,64,10,11.25
261,San Quintin,MX,2021-01-26 18:56:00,30.4833,-115.95,56.39,57,13,23.17
262,Buraydah,SA,2021-01-26 18:56:00,26.326,43.975,64.4,42,0,8.14
263,Yarada,IN,2021-01-26 18:56:00,17.65,83.2667,73.4,94,40,2.3
264,Dwarka,IN,2021-01-26 18:56:00,22.2394,68.9678,66.24,39,0,10.38
265,Biltine,TD,2021-01-26 18:56:01,14.5333,20.9167,77.07,17,100,8.7
266,Grand Gaube,MU,2021-01-26 18:56:01,-20.0064,57.6608,75.99,77,58,3.0
267,Victoria,HK,2021-01-26 18:51:10,22.2855,114.1577,66.99,77,0,1.01
268,Akyab,MM,2021-01-26 18:56:01,20.15,92.9,64.74,55,0,8.59
269,Vierzon,FR,2021-01-26 18:56:01,47.2101,2.0625,35.6,87,0,2.3
270,Lima,PE,2021-01-26 18:55:49,-12.0432,-77.0282,79.0,61,0,11.5
271,Noumea,NC,2021-01-26 18:55:22,-22.2763,166.4572,79.0,83,0,1.14
272,Marshalltown,US,2021-01-26 18:56:02,42.0494,-92.908,19.0,79,75,13.8
273,Hasaki,JP,2021-01-26 18:56:02,35.7333,140.8333,44.6,100,75,2.3
274,Lata,PT,2021-01-26 18:56:02,40.1629,-8.3327,60.01,96,100,1.01
275,Urusha,RU,2021-01-26 18:56:03,54.05,122.9,-18.62,84,100,5.97
276,Flin Flon,CA,2021-01-26 18:56:03,54.7682,-101.865,-16.6,76,40,1.99
277,Lagoa,PT,2021-01-26 18:56:03,39.05,-27.9833,62.37,85,100,32.32
278,Guantanamo,CU,2021-01-26 18:56:03,20.1444,-75.2092,84.2,61,75,12.66
279,Yellowknife,CA,2021-01-26 18:56:03,62.456,-114.3525,-16.01,69,75,8.05
280,Fayaoue,NC,2021-01-26 18:56:03,-20.65,166.5333,79.14,78,76,25.1
281,Aras,ES,2021-01-26 18:56:03,42.5617,-2.356,53.6,82,75,3.44
282,Salalah,OM,2021-01-26 18:56:03,17.0151,54.0924,73.4,68,0,2.3
283,Panguna,PG,2021-01-26 18:56:04,-6.3164,155.4848,68.45,98,100,0.78
284,Ukiah,US,2021-01-26 18:52:25,39.1502,-123.2078,39.99,86,90,5.91
285,Tshela,CD,2021-01-26 18:56:04,-4.9833,12.9333,76.17,88,89,1.86
286,Kungurtug,RU,2021-01-26 18:56:04,50.5994,97.5228,-13.25,83,100,2.24
287,Aljezur,PT,2021-01-26 18:54:58,37.3191,-8.8033,59.0,100,99,1.01
288,Kysyl-Syr,RU,2021-01-26 18:56:05,63.8986,122.7617,-52.58,76,55,4.07
289,Kouroussa,GN,2021-01-26 18:56:05,10.65,-9.8833,81.68,15,0,3.09
290,Fillan,NO,2021-01-26 18:56:05,63.6064,8.9696,33.8,93,75,10.36
291,Kilindoni,TZ,2021-01-26 18:56:05,-7.9139,39.6668,81.91,75,0,9.73
292,Atar,MR,2021-01-26 18:56:05,20.5169,-13.0499,89.6,19,0,9.22
293,Kailua,US,2021-01-26 18:55:54,21.4022,-157.7394,75.2,73,75,11.5
294,Rocha,UY,2021-01-26 18:56:06,-34.4833,-54.3333,89.58,41,56,13.73
295,Bayburt,TR,2021-01-26 18:54:31,40.2589,40.2278,18.25,85,100,2.71
296,Huanren,CN,2021-01-26 18:56:06,41.2647,125.3667,15.08,88,0,2.68
297,Gizo,SB,2021-01-26 18:52:05,-8.103,156.8419,83.21,74,62,13.0
298,Terrell,US,2021-01-26 18:56:06,32.736,-96.2753,55.0,50,1,5.75
299,Raudeberg,NO,2021-01-26 18:56:06,61.9875,5.1352,30.99,92,72,5.06
300,Ilebo,CD,2021-01-26 18:56:07,-4.3167,20.5833,77.31,68,100,1.63
301,Marsh Harbour,BS,2021-01-26 18:54:24,26.5412,-77.0636,76.73,74,71,13.11
302,Vostok,RU,2021-01-26 18:56:07,46.4856,135.8833,15.55,97,100,4.79
303,Opelousas,US,2021-01-26 18:56:07,30.5335,-92.0815,72.0,40,90,5.75
304,Abha,SA,2021-01-26 18:56:07,18.2164,42.5053,60.8,72,0,3.2
305,Ambulu,ID,2021-01-26 18:56:07,-8.345,113.6058,76.82,87,100,1.66
306,Bilma,NE,2021-01-26 18:56:08,18.6853,12.9164,67.51,18,0,8.77
307,Kulhudhuffushi,MV,2021-01-26 18:56:08,6.6221,73.07,81.07,62,72,10.22
308,Richards Bay,ZA,2021-01-26 18:56:08,-28.783,32.0377,80.8,78,100,9.6
309,Wajima,JP,2021-01-26 18:56:08,37.4,136.9,50.74,84,100,17.02
310,Khandyga,RU,2021-01-26 18:56:08,62.6667,135.6,-54.13,73,55,2.37
311,Mount Gambier,AU,2021-01-26 18:56:08,-37.8333,140.7667,53.6,66,90,11.5
312,Maningrida,AU,2021-01-26 18:56:09,-12.0667,134.2667,78.53,87,100,8.5
313,Fortuna,US,2021-01-26 18:56:09,40.5982,-124.1573,41.0,75,40,27.63
314,Belogorsk,RU,2021-01-26 18:56:09,50.9158,128.4611,-15.23,89,74,3.58
315,Kloulklubed,PW,2021-01-26 18:56:09,7.0419,134.2556,78.8,73,75,8.05
316,Norman Wells,CA,2021-01-26 18:56:09,65.282,-126.8329,-16.6,76,75,2.3
317,Navalcarnero,ES,2021-01-26 18:56:10,40.2891,-4.012,55.4,94,75,10.36
318,Andenes,NO,2021-01-26 18:56:10,69.3143,16.1194,27.0,80,0,12.66
319,Upernavik,GL,2021-01-26 18:56:10,72.7868,-56.1549,2.03,91,100,12.84
320,Geraldton,AU,2021-01-26 18:56:10,-28.7667,114.6,67.68,74,7,16.84
321,Kaitangata,NZ,2021-01-26 18:51:47,-46.2817,169.8464,62.01,61,100,3.0
322,Khatanga,RU,2021-01-26 18:56:10,71.9667,102.5,-24.47,82,47,8.19
323,Beihai,CN,2021-01-26 18:56:10,21.4833,109.1,65.28,77,2,7.29
324,Saryozek,KZ,2021-01-26 18:56:11,44.3583,77.9753,14.02,84,0,2.33
325,Price,US,2021-01-26 18:56:11,39.5994,-110.8107,28.4,74,90,5.75
326,Falavarjan,IR,2021-01-26 18:56:11,32.5553,51.5097,32.0,27,0,9.22
327,Nyagan,RU,2021-01-26 18:56:11,62.1406,65.3936,11.52,96,100,6.46
328,East London,ZA,2021-01-26 18:56:11,-33.0153,27.9116,68.0,88,20,5.75
329,Nemuro,JP,2021-01-26 18:56:11,43.3236,145.575,30.45,97,100,20.11
330,Emirdag,TR,2021-01-26 18:56:12,39.0197,31.15,43.92,78,100,8.84
331,Tymovskoye,RU,2021-01-26 18:56:12,50.8456,142.655,1.33,91,100,7.09
332,Honjo,JP,2021-01-26 18:56:12,36.2333,139.1833,43.0,83,91,8.01
333,La Union,PE,2021-01-26 18:56:12,-5.4,-80.75,91.49,36,56,14.03
334,Mahina,PF,2021-01-26 18:56:12,-17.5065,-149.489,84.2,65,75,2.3
335,Healesville,AU,2021-01-26 18:56:13,-37.65,145.5167,57.99,66,1,1.99
336,Fontem,CM,2021-01-26 18:56:13,5.4685,9.8818,73.4,53,61,0.31
337,Conway,US,2021-01-26 18:56:13,35.0887,-92.4421,52.0,58,1,9.22
338,Itum-Kale,RU,2021-01-26 18:56:13,42.7356,45.5758,40.19,59,0,6.46
339,Ucluelet,CA,2021-01-26 18:54:11,48.9329,-125.5528,42.01,75,90,11.5
340,Kerema,PG,2021-01-26 18:56:14,-7.9631,145.7785,78.93,78,100,4.7
341,Saint-Augustin,CA,2021-01-26 18:56:14,51.226,-58.6502,31.75,93,36,14.32
342,Sao Joao Da Barra,BR,2021-01-26 18:56:14,-21.6403,-41.0511,87.8,48,0,23.02
343,Dingle,PH,2021-01-26 18:56:14,10.9995,122.6711,72.88,90,100,7.0
344,Big Rapids,US,2021-01-26 18:56:14,43.6981,-85.4837,27.0,80,90,11.5
345,Itarema,BR,2021-01-26 18:56:15,-2.9248,-39.9167,83.52,69,100,15.77
346,Laguna,US,2021-01-26 18:56:15,38.421,-121.4238,48.0,70,1,8.05
347,Martapura,ID,2021-01-26 18:56:15,-3.4167,114.85,75.2,94,100,5.75
348,Banda Aceh,ID,2021-01-26 18:52:41,5.5577,95.3222,77.94,80,13,3.94
349,Claremorris,IE,2021-01-26 18:56:15,53.7167,-9.0,50.0,3,100,5.01
350,Burnie,AU,2021-01-26 18:56:15,-41.0667,145.9167,50.0,72,0,10.0
351,Constitucion,CL,2021-01-26 18:56:16,-35.3333,-72.4167,66.88,51,0,14.92
352,Masvingo,ZW,2021-01-26 18:56:16,-20.0637,30.8277,67.75,89,100,3.47
353,Lavumisa,SZ,2021-01-26 18:56:16,-27.31,31.892,80.6,83,100,2.3
354,Tarusa,RU,2021-01-26 18:56:16,54.7233,37.1767,35.6,69,90,20.13
355,Lithakia,GR,2021-01-26 18:56:16,37.7167,20.8333,51.8,87,75,11.5
356,Kudat,MY,2021-01-26 18:56:16,6.8837,116.8477,80.6,89,20,4.61
357,Severomuysk,RU,2021-01-26 18:56:16,56.1481,113.4267,-27.98,86,100,5.68
358,Nagahama,JP,2021-01-26 18:56:17,35.3833,136.2667,53.01,100,75,13.8
359,Sayat,TM,2021-01-26 18:56:17,38.7839,63.8803,30.2,93,0,4.61
360,Tenenkou,ML,2021-01-26 18:56:17,14.4572,-4.9169,79.95,13,5,11.16
361,Uribia,CO,2021-01-26 18:56:17,11.7139,-72.266,88.88,43,49,25.93
362,Nizhnetroitskiy,RU,2021-01-26 18:56:17,54.3385,53.6833,21.04,96,100,12.86
363,Jacareacanga,BR,2021-01-26 18:56:17,-6.2222,-57.7528,91.4,55,40,5.75
364,Acapulco,MX,2021-01-26 18:54:40,16.8634,-99.8901,84.2,65,1,8.05
365,Kijang,KR,2021-01-26 18:56:18,35.2442,129.2139,41.0,81,0,10.36
366,Robertsport,LR,2021-01-26 18:56:18,6.7533,-11.3686,80.26,80,0,10.65
367,Caborca,MX,2021-01-26 18:56:18,30.5838,-111.101,46.99,71,100,5.99
368,Santiago Del Estero,AR,2021-01-26 18:56:19,-27.7951,-64.2615,95.0,43,38,1.99
369,Tshane,BW,2021-01-26 18:56:19,-24.0196,21.8684,77.49,57,52,9.37
370,Rosa Zarate,EC,2021-01-26 18:56:19,0.3333,-79.4667,81.45,79,100,8.3
371,Aksarka,RU,2021-01-26 18:56:19,66.5606,67.7975,-28.98,83,8,12.48
372,Leh,IN,2021-01-26 18:56:19,34.1667,77.5833,2.73,63,4,0.83
373,Vidnoye,RU,2021-01-26 18:56:14,55.5524,37.7097,35.6,80,75,8.95
374,Sola,VU,2021-01-26 18:56:20,-13.8833,167.55,80.6,83,90,11.5
375,Christchurch,NZ,2021-01-26 18:52:57,-43.5333,172.6333,70.0,52,0,3.44
376,Tabuk,PH,2021-01-26 18:56:20,17.4189,121.4443,70.56,92,95,3.67
377,Mazamari,PE,2021-01-26 18:56:20,-11.3258,-74.5308,87.6,46,93,4.18
378,Sharan,RU,2021-01-26 18:56:20,54.8167,54.0,21.38,96,100,12.17
379,Pekan,MY,2021-01-26 18:56:20,3.4836,103.3996,75.2,83,20,1.14
380,Olinda,BR,2021-01-26 18:56:20,-8.0089,-34.8553,82.4,61,40,11.5
381,Dunedin,NZ,2021-01-26 18:55:13,-45.8742,170.5036,63.5,56,26,7.18
382,Erenhot,CN,2021-01-26 18:56:21,43.6475,111.9767,2.03,87,100,2.15
383,Lompoc,US,2021-01-26 18:53:43,34.6391,-120.4579,50.0,66,0,6.51
384,Bray,IE,2021-01-26 18:56:21,53.2028,-6.0983,51.01,90,100,1.99
385,Grindavik,IS,2021-01-26 18:56:21,63.8424,-22.4338,26.6,50,0,14.97
386,Trelew,AR,2021-01-26 18:56:21,-43.249,-65.3051,75.94,19,100,21.92
387,Beringovskiy,RU,2021-01-26 18:56:22,63.05,179.3167,-8.27,91,100,11.72
388,Luganville,VU,2021-01-26 18:56:22,-15.5333,167.1667,79.34,82,100,4.54
389,Cabra,ES,2021-01-26 18:56:22,37.4725,-4.4421,59.0,100,75,3.44
390,Luanda,AO,2021-01-26 18:56:22,-8.8368,13.2343,80.6,78,20,6.91
391,Kapit,MY,2021-01-26 18:56:22,2.0167,112.9333,73.63,94,100,0.94
392,Leningradskiy,RU,2021-01-26 18:56:22,69.3833,178.4167,-18.51,86,100,9.48
393,Port Blair,IN,2021-01-26 18:56:23,11.6667,92.75,77.18,83,7,8.63
394,Gohad,IN,2021-01-26 18:56:23,26.4261,78.4447,49.12,54,0,2.82
395,Harwich,GB,2021-01-26 18:56:23,51.9419,1.2844,41.0,85,100,7.0
396,Buta,CD,2021-01-26 18:56:23,2.7858,24.73,79.05,65,100,6.67
397,Tabas,IR,2021-01-26 18:56:24,33.5959,56.9244,42.8,22,1,4.61
398,Bourail,NC,2021-01-26 18:56:24,-21.5667,165.4833,73.35,85,37,4.21
399,Oussouye,SN,2021-01-26 18:56:24,12.485,-16.5469,95.0,65,0,4.61
400,Fort Morgan,US,2021-01-26 18:56:24,40.2503,-103.8,15.8,86,90,11.5
401,Cochrane,CA,2021-01-26 18:53:14,51.1834,-114.4687,7.0,85,90,9.22
402,Zelenoborskiy,RU,2021-01-26 18:56:24,66.845,32.3622,12.0,97,100,5.01
403,Belaya Gora,RU,2021-01-26 18:56:25,68.5333,146.4167,-31.04,82,100,3.04
404,Baft,IR,2021-01-26 18:56:25,29.234,56.6057,38.82,62,0,3.22
405,Coquimbo,CL,2021-01-26 18:53:16,-29.9533,-71.3436,64.4,77,90,11.5
406,Minas Novas,BR,2021-01-26 18:54:11,-17.2186,-42.5903,84.27,48,43,6.71
407,Ola,RU,2021-01-26 18:56:25,59.5833,151.2833,-9.67,85,100,11.61
408,Manadhoo,MV,2021-01-26 18:56:25,5.7667,73.3833,81.09,64,100,10.65
409,Perth,AU,2021-01-26 18:53:05,-31.9333,115.8333,64.99,67,40,9.22
410,Llandrindod Wells,GB,2021-01-26 18:56:26,52.2416,-3.3787,42.01,98,100,6.85
411,Faya,SA,2021-01-26 18:56:26,18.3851,42.4509,60.8,72,0,2.35
412,Gusinoye Ozero,RU,2021-01-26 18:56:26,51.1144,106.2614,-15.11,80,98,4.23
413,Ahipara,NZ,2021-01-26 18:56:26,-35.1667,173.1667,65.1,86,0,2.51
414,Guadalupe Y Calvo,MX,2021-01-26 18:56:26,26.1,-106.9667,50.49,32,0,13.94
415,Puerto Del Rosario,ES,2021-01-26 18:56:26,28.5004,-13.8627,68.0,77,0,17.27
416,Anadyr,RU,2021-01-26 18:56:27,64.75,177.4833,-5.01,84,0,2.24
417,Pizarro,CO,2021-01-26 18:56:27,4.9533,-77.366,80.87,84,100,5.57
418,Illapel,CL,2021-01-26 18:56:27,-31.6308,-71.1653,81.86,31,0,10.71
419,Gushikawa,JP,2021-01-26 18:56:27,26.3544,127.8686,66.2,72,90,9.22
420,Talnakh,RU,2021-01-26 18:56:27,69.4865,88.3972,-24.56,80,100,9.84
421,Beruwala,LK,2021-01-26 18:56:27,6.4788,79.9828,74.35,87,100,4.16
422,Belyy Yar,RU,2021-01-26 18:56:27,53.6039,91.3903,-31.0,68,16,4.47
423,Yongan,CN,2021-01-26 18:56:28,39.6957,113.6871,20.26,75,7,4.07
424,Catarman,PH,2021-01-26 18:56:28,12.4989,124.6377,77.58,84,87,8.41
425,Sao Jose Da Laje,BR,2021-01-26 18:56:28,-9.0097,-36.0583,80.6,74,75,10.36
426,Vuktyl,RU,2021-01-26 18:56:28,63.8567,57.3094,9.52,96,100,6.53
427,Eyemouth,GB,2021-01-26 18:56:29,55.8713,-2.0901,34.0,91,100,11.25
428,Manggar,ID,2021-01-26 18:56:29,-2.8833,108.2667,78.55,86,98,8.84
429,Makokou,GA,2021-01-26 18:56:29,0.5738,12.8642,73.08,91,100,3.15
430,Turayf,SA,2021-01-26 18:55:21,31.6725,38.6637,51.8,40,0,13.8
431,Lagunas,PE,2021-01-26 18:56:29,-5.2269,-75.6753,83.89,80,65,4.72
432,Polunochnoye,RU,2021-01-26 18:56:30,60.8697,60.4153,23.45,95,67,7.81
433,Tonj,SS,2021-01-26 18:56:30,7.2737,28.6822,80.38,24,0,3.94
434,Cap Malheureux,MU,2021-01-26 18:56:30,-19.9842,57.6142,75.99,77,41,3.0
435,Semey,KZ,2021-01-26 18:53:14,50.4111,80.2275,13.14,95,100,10.33
436,Yuksekova,TR,2021-01-26 18:56:30,37.5736,44.2872,21.2,93,1,4.61
437,Bermeo,ES,2021-01-26 18:56:30,43.4209,-2.7215,55.4,100,75,5.75
438,Badiraguato,MX,2021-01-26 18:56:30,25.3667,-107.5167,73.99,37,75,3.44
439,Chipoka,MW,2021-01-26 18:56:31,-13.9933,34.5157,74.25,78,99,3.44
440,Nyrob,RU,2021-01-26 18:56:31,60.733,56.7202,24.85,98,100,7.9
441,Cabedelo,BR,2021-01-26 18:56:31,-6.9811,-34.8339,86.0,62,40,13.8
442,Krasne,UA,2021-01-26 18:56:31,49.9145,24.6134,30.2,86,75,8.95
443,Marzuq,YE,2021-01-26 18:56:31,14.4,46.4667,58.68,39,0,1.01
444,Palmer,US,2021-01-26 18:56:31,42.1584,-72.3287,33.01,45,100,6.62
445,Sitka,US,2021-01-26 18:56:32,57.0531,-135.33,28.4,86,20,5.88
446,Ngunguru,NZ,2021-01-26 18:56:32,-35.6167,174.5,59.0,96,74,1.01
447,Emporia,US,2021-01-26 18:54:29,38.4039,-96.1817,24.8,80,90,9.22
448,Khutar,IN,2021-01-26 18:56:32,28.2,80.2833,50.49,58,0,5.73
449,Pravdinsk,RU,2021-01-26 18:56:32,54.4429,21.0179,33.8,93,75,13.42
450,Ust-Tsilma,RU,2021-01-26 18:56:32,65.441,52.1498,-0.44,92,100,6.69
451,Proletarsk,RU,2021-01-26 18:56:32,46.7031,41.7192,35.35,88,100,9.69
452,Vastseliina,EE,2021-01-26 18:56:33,57.7303,27.2932,35.6,93,90,6.71
453,Xining,CN,2021-01-26 18:56:33,36.6167,101.7667,14.13,79,0,3.15
454,Hofn,IS,2021-01-26 18:56:33,64.2539,-15.2082,26.01,89,0,25.84
455,Brookings,US,2021-01-26 18:56:33,44.3114,-96.7984,14.0,73,90,10.36
456,Hay River,CA,2021-01-26 18:53:39,60.8156,-115.7999,-9.4,77,100,3.44
457,Cavalcante,BR,2021-01-26 18:56:33,-13.7975,-47.4583,80.67,65,100,4.25
458,Rongcheng,CN,2021-01-26 18:56:33,30.634,117.8517,43.92,82,95,3.09
459,Kangaatsiaq,GL,2021-01-26 18:56:34,68.3065,-53.4641,7.16,93,75,7.18
460,Gualaquiza,EC,2021-01-26 18:56:34,-3.4,-78.55,71.28,72,93,1.9
461,Vestmanna,FO,2021-01-26 18:56:34,62.1564,-7.1664,32.0,74,20,11.5
462,Flinders,AU,2021-01-26 18:56:34,-34.5833,150.8552,71.01,81,100,4.0
463,Praya,CV,2021-01-26 18:52:59,14.9215,-23.5087,78.8,47,0,18.41
464,Tocopilla,CL,2021-01-26 18:56:34,-22.092,-70.1979,73.56,53,11,6.4
465,Uyuni,BO,2021-01-26 18:56:35,-20.4597,-66.825,60.1,30,0,24.25
466,Kamenka,RU,2021-01-26 18:56:35,51.3223,42.7678,33.62,96,100,15.39
467,Chapais,CA,2021-01-26 18:51:36,49.7834,-74.8492,14.0,73,40,2.3
468,Karpogory,RU,2021-01-26 18:56:35,64.0019,44.4451,27.91,99,100,4.16
469,Hare Bay,CA,2021-01-26 18:56:35,48.8499,-54.0148,32.0,100,100,6.91
470,Bloemfontein,ZA,2021-01-26 18:56:35,-29.1211,26.214,66.2,100,90,3.44
471,Walla Walla,US,2021-01-26 18:56:36,46.0646,-118.343,35.01,82,20,1.99
472,Erzin,TR,2021-01-26 18:56:36,36.9559,36.2,54.0,55,100,7.96
473,Guerrero Negro,MX,2021-01-26 18:56:36,27.9769,-114.0611,61.29,45,0,18.88
474,Santa Cruz,BO,2021-01-26 18:54:38,-17.8,-63.1667,77.0,83,75,16.11
475,Envira,BR,2021-01-26 18:56:36,-7.3,-70.2167,80.94,84,100,2.84
476,Morondava,MG,2021-01-26 18:56:36,-20.2833,44.2833,82.74,78,59,7.81
477,San Ramon,US,2021-01-26 18:53:58,37.7799,-121.978,50.0,61,1,12.66
478,Voznesenskoye,RU,2021-01-26 18:56:37,54.89,42.7569,34.23,92,100,12.26
479,Xichang,CN,2021-01-26 18:56:37,27.8964,102.2634,41.9,65,0,1.01
480,Namtsy,RU,2021-01-26 18:56:37,62.7161,129.6658,-56.2,51,90,4.63
481,Brae,GB,2021-01-26 18:52:45,60.3964,-1.353,28.4,80,0,2.3
482,Yeppoon,AU,2021-01-26 18:56:37,-23.1333,150.7333,73.4,88,0,5.75
483,Novoplatnirovskaya,RU,2021-01-26 18:56:37,46.1065,39.4191,41.0,70,100,15.43
484,Homer,US,2021-01-26 18:56:37,59.6425,-151.5483,28.0,86,1,8.79
485,Husavik,IS,2021-01-26 18:56:38,66.0449,-17.3389,23.0,74,75,4.61
486,Boende,CD,2021-01-26 18:56:38,-0.2167,20.8667,78.71,65,100,1.54
487,Aldan,RU,2021-01-26 18:56:38,58.6031,125.3894,-38.69,82,100,4.05
488,Matara,LK,2021-01-26 18:56:38,5.9485,80.5353,71.37,85,100,7.11
489,Yasnyy,RU,2021-01-26 18:56:38,51.0333,59.8742,27.37,98,94,6.69
490,San Luis,AR,2021-01-26 18:56:39,-33.295,-66.3356,87.48,32,100,6.11
491,Marienburg,PL,2021-01-26 18:56:39,54.0359,19.0266,33.01,100,100,10.8
492,Asau,RO,2021-01-26 18:56:39,46.4333,26.4,34.0,52,100,3.2
493,Jijiga,ET,2021-01-26 18:56:39,9.35,42.8,59.41,37,39,6.87
494,Arlit,NE,2021-01-26 18:56:39,18.7369,7.3853,71.62,15,0,7.9
495,Mehamn,NO,2021-01-26 18:56:38,71.0357,27.8492,26.6,74,90,19.57
496,Krasnyy Yar,RU,2021-01-26 18:56:40,46.5331,48.3456,30.2,80,75,8.95
497,Mogadishu,SO,2021-01-26 18:52:50,2.0371,45.3438,77.31,80,0,21.03
498,Conceicao Do Araguaia,BR,2021-01-26 18:56:40,-8.2578,-49.2647,85.01,67,100,5.12
499,Klaksvik,FO,2021-01-26 18:56:40,62.2266,-6.589,32.0,74,20,11.5
500,Wainwright,CA,2021-01-26 18:56:40,52.839,-110.8572,-2.2,77,100,11.5
501,Pandan,PH,2021-01-26 18:56:41,14.0453,124.1694,77.32,84,92,5.99
502,Amol,IR,2021-01-26 18:56:41,36.4696,52.3507,45.41,58,100,2.33
503,Waddan,LY,2021-01-26 18:56:41,29.1614,16.139,65.3,31,0,11.81
504,Tautira,PF,2021-01-26 18:54:50,-17.7333,-149.15,84.2,65,75,2.3
505,Port Hedland,AU,2021-01-26 18:56:41,-20.3167,118.5667,82.4,74,46,10.36
506,Tabou,CI,2021-01-26 18:56:41,4.423,-7.3528,78.98,82,93,8.05
507,La Asuncion,VE,2021-01-26 18:54:36,11.0333,-63.8628,79.45,72,100,16.93
508,Diffa,NE,2021-01-26 18:56:42,13.3154,12.6113,72.75,19,22,5.1
509,Borogontsy,RU,2021-01-26 18:56:42,62.6683,131.1683,-54.17,71,58,4.18
510,Nanortalik,GL,2021-01-26 18:56:42,60.1432,-45.2371,16.03,84,0,7.34
511,Solnechnyy,RU,2021-01-26 18:56:42,50.7214,136.6319,-8.45,87,100,6.2
512,Imbituba,BR,2021-01-26 18:56:42,-28.24,-48.6703,80.6,78,75,8.05
513,Inhambane,MZ,2021-01-26 18:56:42,-23.865,35.3833,82.4,78,20,4.61
514,Villa Maria,AR,2021-01-26 18:56:43,-32.4075,-63.2402,96.3,28,100,8.32
515,Roros,NO,2021-01-26 18:56:43,62.5747,11.3842,-9.4,77,75,1.14
516,Valdivia,CL,2021-01-26 18:56:43,-39.8142,-73.2459,68.0,45,75,5.75
517,Tokonou,GN,2021-01-26 18:56:43,9.65,-9.7833,80.91,16,0,3.87
518,Sangar,RU,2021-01-26 18:56:43,63.9242,127.4739,-55.1,67,75,4.47
519,Mizusawa,JP,2021-01-26 18:56:43,39.1333,141.1333,39.76,92,100,2.21
520,Watertown,US,2021-01-26 18:53:31,42.3709,-71.1828,36.0,51,90,4.61
521,Abeche,TD,2021-01-26 18:56:44,13.8292,20.8324,78.15,17,51,9.98
522,Okha,RU,2021-01-26 18:56:44,53.5739,142.9478,-6.43,87,100,8.77
523,Macau,MO,2021-01-26 18:56:07,22.2006,113.5461,66.2,77,20,10.36
524,Colares,PT,2021-01-26 18:56:44,38.7992,-9.4469,59.0,100,75,5.75
525,Tacuarembo,UY,2021-01-26 18:56:44,-31.7333,-55.9833,81.18,65,100,16.11
526,Ciro Marina,IT,2021-01-26 18:56:45,39.3732,17.126,44.6,45,20,17.27
527,Nogliki,RU,2021-01-26 18:56:45,51.8333,143.1667,-3.24,89,100,9.6
528,Skjervoy,NO,2021-01-26 18:56:45,70.0311,20.9714,21.2,68,20,6.91
529,Zhigansk,RU,2021-01-26 18:56:45,66.7697,123.3711,-50.19,75,65,8.1
530,Lazaro Cardenas,MX,2021-01-26 18:56:45,17.9583,-102.2,81.43,61,0,6.91
531,Puerto Madryn,AR,2021-01-26 18:56:45,-42.7692,-65.0385,70.34,27,7,4.72
532,Roma,US,2021-01-26 18:54:09,43.2128,-75.4557,24.8,86,90,11.5
533,Kundiawa,PG,2021-01-26 18:56:46,-6.0167,144.9667,62.35,80,100,0.78
534,Hanko,FI,2021-01-26 18:56:46,59.8333,22.95,33.01,90,100,1.01
535,Yelniki,RU,2021-01-26 18:56:46,54.6207,43.876,33.98,94,100,12.97
536,Emerald,AU,2021-01-26 18:56:46,-23.5333,148.1667,75.2,83,0,5.75
537,Atherton,GB,2021-01-26 18:56:47,53.5237,-2.4935,39.99,90,100,1.99
538,Taoudenni,ML,2021-01-26 18:56:47,22.6783,-3.9836,76.41,17,0,12.01
539,Gogrial,SS,2021-01-26 18:56:47,8.5332,28.1004,78.55,21,52,3.53
540,Latung,PH,2021-01-26 18:56:47,5.5,120.8833,80.74,80,100,10.76
541,Santa Isabel,BR,2021-01-26 18:56:47,-23.3156,-46.2214,89.6,48,40,6.91
542,Ust-Ilimsk,RU,2021-01-26 18:56:48,58.0006,102.6619,-35.19,80,0,1.12
543,Mashhad,IR,2021-01-26 18:56:48,36.297,59.6062,33.8,51,0,4.61
544,Malanje,AO,2021-01-26 18:56:48,-9.5402,16.341,65.39,93,87,2.68
545,Urumqi,CN,2021-01-26 18:55:28,43.801,87.6005,6.8,92,86,2.24
546,San Patricio,US,2021-01-26 18:56:48,28.017,-97.5169,78.8,31,75,18.41
547,Miquelon,PM,2021-01-26 18:56:48,47.0975,-56.3814,39.2,70,75,20.71
548,Dunmore Town,BS,2021-01-26 18:56:49,25.5,-76.65,75.9,78,0,8.68
549,Rio Branco,BR,2021-01-26 18:55:23,-9.9747,-67.81,82.4,78,40,8.05
550,Vao,NC,2021-01-26 18:56:49,-22.6667,167.4833,77.0,75,8,21.94
551,Nuuk,GL,2021-01-26 18:56:49,64.1835,-51.7216,21.2,68,75,4.61
552,Boda,CF,2021-01-26 18:56:49,4.3189,17.4695,80.22,42,84,2.1
553,Zhangye,CN,2021-01-26 18:56:49,38.9342,100.4517,17.89,80,50,0.78
554,Peniche,PT,2021-01-26 18:53:01,39.3558,-9.3811,59.0,95,100,8.99
555,Lethem,GY,2021-01-26 18:56:50,3.3803,-59.7968,87.8,62,75,13.8
556,Palmas Bellas,PA,2021-01-26 18:56:50,9.2319,-80.0867,82.0,75,86,14.0
557,Nea Peramos,GR,2021-01-26 18:56:50,38.0076,23.423,54.0,94,90,4.61
558,Finnsnes,NO,2021-01-26 18:56:50,69.2296,17.9811,-0.4,92,0,1.14
559,Novokruchininskiy,RU,2021-01-26 18:56:50,51.7833,113.7667,-7.6,59,100,8.95
560,Ust-Kuyga,RU,2021-01-26 18:56:50,70.0167,135.6,-45.54,76,61,1.41
561,Sabzevar,IR,2021-01-26 18:56:50,36.2126,57.6819,37.62,64,100,0.94
562,Chuguyevka,RU,2021-01-26 18:56:51,44.1653,133.8633,18.73,95,100,6.29
563,Aripuana,BR,2021-01-26 18:56:51,-9.1667,-60.6333,84.94,73,100,2.57
564,Ashtian,IR,2021-01-26 18:56:51,34.5217,50.0019,33.6,78,0,8.25
565,Westport,US,2021-01-26 18:56:51,41.1415,-73.3579,32.0,86,90,16.11
566,Gunnedah,AU,2021-01-26 18:56:51,-30.9833,150.25,75.99,63,54,3.06
567,Tuatapere,NZ,2021-01-26 18:56:51,-46.1333,167.6833,69.01,53,100,14.0
568,Miri,MY,2021-01-26 18:56:52,4.4148,114.0089,75.2,100,40,2.3
569,Grand-Santi,GF,2021-01-26 18:56:52,4.25,-54.3833,79.12,89,75,4.99
570,Polson,US,2021-01-26 18:56:52,47.6936,-114.1632,26.01,65,81,3.2
571,Russell,US,2021-01-26 18:56:52,32.3502,-85.1999,73.4,53,90,6.91
572,Okhotsk,RU,2021-01-26 18:56:52,59.3833,143.3,-16.06,76,38,8.7
573,Natal,BR,2021-01-26 18:56:53,-5.795,-35.2094,86.0,62,20,18.41
574,Betafo,MG,2021-01-26 18:56:53,-19.8333,46.85,63.57,89,94,4.56
575,Domoni,KM,2021-01-26 18:56:53,-12.2569,44.5319,78.8,74,0,1.63
576,Maniitsoq,GL,2021-01-26 18:56:53,65.4167,-52.9,13.26,88,90,4.99
577,Port Hardy,CA,2021-01-26 18:56:53,50.6996,-127.4199,41.0,87,75,26.46
578,Luba,GQ,2021-01-26 18:56:53,3.4568,8.5547,79.93,80,47,5.55
579,Cascais,PT,2021-01-26 18:56:54,38.6979,-9.4215,59.0,100,75,5.75
580,Podor,MR,2021-01-26 18:56:54,16.6527,-14.9587,93.2,14,0,2.3
581,Sharanga,RU,2021-01-26 18:56:54,57.1775,46.5396,28.27,98,100,9.98
582,Chervona Sloboda,UA,2021-01-26 18:56:54,49.3789,32.1464,33.24,91,100,5.95
583,La Baneza,ES,2021-01-26 18:56:54,42.3003,-5.8977,53.01,100,40,3.44
584,Thongwa,MM,2021-01-26 18:56:55,16.7619,96.5278,71.6,83,0,3.44
585,Imeni Poliny Osipenko,RU,2021-01-26 18:56:55,52.4201,136.4853,-12.86,89,100,9.35
586,Narsaq,GL,2021-01-26 18:56:55,60.9167,-46.05,23.0,25,20,23.02
